{
  "epochs": [
    1,
    2,
    3,
    4,
    5
  ],
  "train_loss": [
    0.10422267937643691,
    0.03484033023707858,
    0.020225557457103072,
    0.011442787681883563,
    0.005958721490233427
  ],
  "train_acc": [
    0.9568752617668722,
    0.9886339018789445,
    0.993919787409194,
    0.9967793648271978,
    0.9984257881890787
  ],
  "val_loss": [
    0.061610229008786925,
    0.04087095847014631,
    0.04952253818778288,
    0.056900361397483404,
    0.06073725779266044
  ],
  "val_acc": [
    0.980443725133185,
    0.9869849618989818,
    0.9867826556072561,
    0.9873221390518578,
    0.9874570099130083
  ]
}