{
  "timestamp": "2025-11-28T22:03:43.787588",
  "model_name": "Logistic Regression",
  "best_hyperparameters": {
    "clf__C": 1.0,
    "clf__class_weight": null,
    "preprocessor__text__max_features": 20000,
    "preprocessor__text__ngram_range": [
      1,
      2
    ]
  },
  "metrics": {
    "cross_validation_score": 0.9654433453359799,
    "test_accuracy": 0.9690515577612352,
    "test_precision_weighted": 0.9690500741875842,
    "test_recall_weighted": 0.9690515577612352,
    "test_f1_weighted": 0.9690507739638536
  },
  "confusion_matrix": [
    [
      7905,
      223
    ],
    [
      226,
      6154
    ]
  ],
  "classification_report": "              precision    recall  f1-score   support\n\n           0       0.97      0.97      0.97      8128\n           1       0.97      0.96      0.96      6380\n\n    accuracy                           0.97     14508\n   macro avg       0.97      0.97      0.97     14508\nweighted avg       0.97      0.97      0.97     14508\n"
}