{
  "epochs": [
    1,
    2,
    3,
    4,
    5
  ],
  "train_loss": [
    0.08802923948164898,
    0.034265533998581045,
    0.020716853455301245,
    0.011101732352428317,
    0.005976066872987091
  ],
  "train_acc": [
    0.9692378792911714,
    0.9895870943516125,
    0.9938475758582342,
    0.9971693072023801,
    0.998613538221574
  ],
  "val_loss": [
    0.09095080612025791,
    0.06644762316996863,
    0.06320148061434877,
    0.0732405708129457,
    0.07725994806726909
  ],
  "val_acc": [
    0.9742396655202643,
    0.9802414188414593,
    0.9841526738148223,
    0.985568817856902,
    0.9862431721626542
  ]
}