{
  "timestamp": "2025-11-28T22:05:44.941362",
  "model_name": "Linear SVC (SVM)",
  "best_hyperparameters": {
    "clf__C": 1.0,
    "clf__class_weight": null,
    "preprocessor__text__max_features": 20000,
    "preprocessor__text__ngram_range": [
      1,
      2
    ]
  },
  "metrics": {
    "cross_validation_score": 0.9692515896416014,
    "test_accuracy": 0.9720154397573753,
    "test_precision_weighted": 0.9720285050996479,
    "test_recall_weighted": 0.9720154397573753,
    "test_f1_weighted": 0.972020100791945
  },
  "confusion_matrix": [
    [
      7915,
      213
    ],
    [
      193,
      6187
    ]
  ],
  "classification_report": "              precision    recall  f1-score   support\n\n           0       0.98      0.97      0.97      8128\n           1       0.97      0.97      0.97      6380\n\n    accuracy                           0.97     14508\n   macro avg       0.97      0.97      0.97     14508\nweighted avg       0.97      0.97      0.97     14508\n"
}