{
  "epochs": [
    1,
    2,
    3
  ],
  "train_loss": [
    0.07554484496910513,
    0.024453354128928836,
    0.014512513682684284
  ],
  "test_accuracy": [
    0.9863265353579983,
    0.9877217868520801,
    0.9891170383461619
  ]
}