{
  "timestamp": "2025-11-04T17:53:52.243224",
  "model_name": "Linear SVC (SVM)",
  "best_hyperparameters": {
    "clf__C": 1.0,
    "clf__class_weight": null,
    "preprocessor__text__max_features": 20000,
    "preprocessor__text__ngram_range": [
      1,
      2
    ]
  },
  "metrics": {
    "cross_validation_score": 0.9726640912877077,
    "test_accuracy": 0.9737509357417111,
    "test_precision_weighted": 0.97378298282895,
    "test_recall_weighted": 0.9737509357417111,
    "test_f1_weighted": 0.9737593609147763
  },
  "confusion_matrix": [
    [
      22524,
      601
    ],
    [
      486,
      17800
    ]
  ],
  "classification_report": "              precision    recall  f1-score   support\n\n           0       0.98      0.97      0.98     23125\n           1       0.97      0.97      0.97     18286\n\n    accuracy                           0.97     41411\n   macro avg       0.97      0.97      0.97     41411\nweighted avg       0.97      0.97      0.97     41411\n"
}